epoch,step,train/total_loss_step
0,49,0.7760396599769592
0,99,0.7115764021873474
0,149,0.7815160751342773
0,199,0.7692261934280396
0,249,0.7603107690811157
0,299,0.8085652589797974
0,349,0.7828072309494019
